<?xml version="1.0" encoding="utf-8"?>
<url>
	<메인메뉴OneDepth>
		<m1>javascript:GoUrl('menu1');</m1>
		<m2>javascript:GoUrl('menu2');</m2>
		<m3>javascript:GoUrl('menu3');</m3>
		<m4>javascript:GoUrl('menu4');</m4>
		<m5>javascript:GoUrl('menu5');</m5>
		<m6>javascript:GoUrl('menu6');</m6>
	</메인메뉴OneDepth>


	<서브메뉴TwoDepth>

		<공무원센터>

		<m101>javascript:submenu('m91');</m101>
		<m102>javascript:submenu('m92');</m102>
		<m103>javascript:submenu('m93');</m103>	
		<m104>javascript:submenu('m94');</m104>
		<m105>javascript:submenu('m95');</m105>
		<m105>javascript:submenu('m96');</m105>
		<m105>javascript:submenu('m97');</m105>
		<m105>javascript:submenu('m98');</m105>
		<m105>javascript:submenu('m99');</m105>
 
        </공무원센터>
        

        <길라잡이>

        <m201>javascript:submenu('m21');</m201>
		<m202>javascript:submenu('m22');</m202>
		<m203>javascript:submenu('m23');</m203>	
		<m204>javascript:submenu('m24');</m204>
		<m205>javascript:submenu('m25');</m205>
        </길라잡이>
        
	    <지역별민원센터안내>

		<서울특별시>javascript:GoUrl('info01');</서울특별시>
		<부산광역시>javascript:GoUrl('info02');</부산광역시>
		<대구광역시>javascript:GoUrl('info03');</대구광역시>
		<인천광역시>javascript:GoUrl('info04');</인천광역시>
		<광주광역시>javascript:GoUrl('info05');</광주광역시>
		<대전광역시>javascript:GoUrl('info06');</대전광역시>
		<울산광역시>javascript:GoUrl('info07');</울산광역시>
		<경기도>javascript:GoUrl('info08');</경기도>
		<강원도>javascript:GoUrl('info09');</강원도>
		<충청북도>javascript:GoUrl('info10');</충청북도>
		<충청남도>javascript:GoUrl('info11');</충청남도>
		<전라북도>javascript:GoUrl('info12');</전라북도>
		<전라남도>javascript:GoUrl('info13');</전라남도>
		<경상북도>javascript:GoUrl('info14');</경상북도>
		<경상남도>javascript:GoUrl('info15');</경상남도>
		<제주특별자치도>javascript:GoUrl('info16');</제주특별자치도>

        </지역별민원센터안내>


		<데이터1전화>

		<서울특별시>02-120</서울특별시>
		<부산광역시>051-120</부산광역시>
		<대구광역시>053-803-0114</대구광역시>
		<인천광역시>032-440-2114</인천광역시>
		<광주광역시>062-613-2114</광주광역시>
		<대전광역시>042-600-3114</대전광역시>
		<울산광역시>052-229-2000</울산광역시>
		<경기도>031-120</경기도>
		<강원도>033-254-2011</강원도>
		<충청북도>043-220-2114</충청북도>
		<충청남도>042-220-3114</충청남도>
		<전라북도>063-280-2114</전라북도>
		<전라남도>061-247-0011</전라남도>
		<경상북도>053-959-0114</경상북도>
		<경상남도>055-211-2114</경상남도>
		<제주특별자치도>064-710-2114</제주특별자치도>

        </데이터1전화>

		<데이터2주소>

		<서울특별시>[우 100-744] 서울 중구 을지로 1 (태평로1가 31)</서울특별시>
		<부산광역시>[우 611-735] 부산광역시 연제구 중앙로 2001 부산광역시청 (연산동 1000)</부산광역시>
		<대구광역시>[우 700-714] 대구 중구 공평로 130 (동인동1가 1)</대구광역시>
		<인천광역시>[우 405-750] 인천 남동구 시청앞길 25 인천광역시청 (구월동 1138)</인천광역시>
		<광주광역시>[우 502-827] 광주광역시 서구 내방로 410 (치평동 1200)</광주광역시>
		<대전광역시>[우 302-789] 대전 서구 향촌길 70 대전광역시청 (둔산2동 1420)</대전광역시>
		<울산광역시>[우 680-701] 울산 남구 중앙로 182 (신정1동 646-4)</울산광역시>
		<경기도>[우 441-701] 경기도 수원시 팔달구 도청앞길 63 (매산로3가 1)</경기도>
		<강원도>[우 200-700] 강원도 춘천시 중앙로 1 (봉의동 15)</강원도>
		<충청북도>[우 360-765] 충북 청주시 상당구 상당로 158 (문화동 89)</충청북도>
		<충청남도>[우 301-763] 대전 중구 중앙로 155 (선화동 287-2)</충청남도>
		<전라북도>[우 560-860] 전북 전주시 완산구 효자동3가 1번지</전라북도>
		<전라남도>[우 534-821] 전남 무안군 삼향면 남악리 1000</전라남도>
		<경상북도>[우 702-702] 대구 북구 연암로 60 (산격4동 1445-3)</경상북도>
		<경상남도>[우 641-702] 경남 창원시 대방로 1 (사림동 1)</경상남도>
		<제주특별자치도>[우 690-700] 제주 제주시 연동 312-1</제주특별자치도>

        </데이터2주소>

		<데이터3홈페이지>

		<서울특별시>http://www.seoul.go.kr</서울특별시>
		<부산광역시>http://www.busan.go.kr</부산광역시>
		<대구광역시>http://www.daegu.go.kr</대구광역시>
		<인천광역시>http://www.incheon.go.kr</인천광역시>
		<광주광역시>http://gwangju.go.kr</광주광역시>
		<대전광역시>http://www.daejeon.go.kr</대전광역시>
		<울산광역시>http://www.ulsan.go.kr</울산광역시>
		<경기도>http://www.gg.go.kr</경기도>
		<강원도>http://www.provin.gangwon.kr</강원도>
		<충청북도>http://www.cb21.net</충청북도>
		<충청남도>http://www.chungnam.net</충청남도>
		<전라북도>http://www.provin.jeonbuk.kr</전라북도>
		<전라남도>http://www.jeonnam.go.kr</전라남도>
		<경상북도>http://www.gb.go.kr</경상북도>
		<경상남도>http://www.gsnd.net</경상남도>
		<제주특별자치도>http://jeju.go.kr</제주특별자치도>

        </데이터3홈페이지>


	</서브메뉴TwoDepth>

</url>